Full Name,Games Played,Source File
Aaron Connolly,24,stats_standard_2020.csv;stats_standard_2021.csv;stats_standard_2022.csv
Aaron Lennon,28,stats_standard_2018.csv;stats_standard_2019.csv;stats_standard_2020.csv;stats_standard_2022.csv
Aaron Mooy,36,stats_standard_2018.csv;stats_standard_2019.csv;stats_standard_2020.csv
Aaron Ramsey,28,stats_standard_2018.csv;stats_standard_2019.csv;stats_standard_2024.csv
Aaron Rowe,2,stats_standard_2019.csv
Abdelhamid Sabiri,5,stats_standard_2018.csv;stats_standard_2019.csv
Abdul Fatawu Issahaku,11,stats_standard_2025.csv
Aboubakar Kamara,13,stats_standard_2019.csv;stats_standard_2021.csv
Adam Forshaw,22,stats_standard_2022.csv;stats_standard_2023.csv
Adam Idah,17,stats_standard_2020.csv;stats_standard_2022.csv
Adam Masina,26,stats_standard_2019.csv;stats_standard_2020.csv;stats_standard_2022.csv
Adama Diakhaby,12,stats_standard_2019.csv
Ademola Lookman,34,stats_standard_2018.csv;stats_standard_2019.csv;stats_standard_2021.csv;stats_standard_2022.csv
Adrian Mariappa,28,stats_standard_2018.csv;stats_standard_2019.csv;stats_standard_2020.csv
Adrien Silva,12,stats_standard_2018.csv;stats_standard_2019.csv
Adrián,19,stats_standard_2018.csv;stats_standard_2020.csv;stats_standard_2021.csv
Ahmed Elmohamady,18,stats_standard_2020.csv;stats_standard_2021.csv
Ahmed Hegazi,38,stats_standard_2018.csv
Ainsley Maitland-Niles,22,stats_standard_2018.csv;stats_standard_2019.csv;stats_standard_2020.csv;stats_standard_2021.csv;stats_standard_2022.csv;stats_standard_2023.csv
Albert Grønbaek,4,stats_standard_2025.csv
Albert Sambi Lokonga,19,stats_standard_2022.csv;stats_standard_2023.csv;stats_standard_2024.csv
Alberto Moreno,16,stats_standard_2018.csv;stats_standard_2019.csv
Albian Ajeti,9,stats_standard_2020.csv
Alejo Véliz,8,stats_standard_2024.csv
Aleksandar Dragović,11,stats_standard_2018.csv
Aleksandar Mitrović,37,stats_standard_2018.csv;stats_standard_2019.csv;stats_standard_2021.csv;stats_standard_2023.csv
Alex Oxlade-Chamberlain,32,stats_standard_2018.csv;stats_standard_2019.csv;stats_standard_2020.csv;stats_standard_2021.csv;stats_standard_2022.csv;stats_standard_2023.csv
Alex Pritchard,30,stats_standard_2018.csv;stats_standard_2019.csv
Alex Telles,21,stats_standard_2021.csv;stats_standard_2022.csv
Alexander Sørloth,12,stats_standard_2018.csv;stats_standard_2019.csv
Alexander Tettey,30,stats_standard_2020.csv
Alexandre Jankewitz,2,stats_standard_2021.csv
Alexandre Lacazette,35,stats_standard_2018.csv;stats_standard_2019.csv;stats_standard_2020.csv;stats_standard_2021.csv;stats_standard_2022.csv
Alexis Sánchez,20,stats_standard_2018.csv;stats_standard_2019.csv
Alfie Doughty,37,stats_standard_2024.csv
Alfie Gilchrist,11,stats_standard_2024.csv
Alfie Mawson,38,stats_standard_2018.csv;stats_standard_2019.csv
Ali Al Hamadi,11,stats_standard_2025.csv
Alireza Jahanbakhsh,21,stats_standard_2019.csv;stats_standard_2020.csv;stats_standard_2021.csv
Allan,28,stats_standard_2021.csv;stats_standard_2022.csv
Allan Nyom,29,stats_standard_2018.csv
Allan Saint-Maximin,35,stats_standard_2020.csv;stats_standard_2021.csv;stats_standard_2022.csv;stats_standard_2023.csv
Amari'i Bell,21,stats_standard_2024.csv
Ameen Al-Dakhil,13,stats_standard_2024.csv
Anass Zaroury,6,stats_standard_2024.csv
Ander Herrera,26,stats_standard_2018.csv;stats_standard_2019.csv
Andi Zeqiri,9,stats_standard_2021.csv
Andre Brooks,20,stats_standard_2024.csv
Andre Gray,31,stats_standard_2018.csv;stats_standard_2019.csv;stats_standard_2020.csv
Andre-Frank Zambo Anguissa,36,stats_standard_2019.csv;stats_standard_2021.csv
Andreas Christensen,27,stats_standard_2018.csv;stats_standard_2019.csv;stats_standard_2020.csv;stats_standard_2021.csv;stats_standard_2022.csv
Andrew Omobamidele,11,stats_standard_2022.csv;stats_standard_2024.csv
Andrew Surman,25,stats_standard_2018.csv;stats_standard_2019.csv;stats_standard_2020.csv
Andriy Yarmolenko,23,stats_standard_2019.csv;stats_standard_2020.csv;stats_standard_2021.csv;stats_standard_2022.csv
Andros Townsend,38,stats_standard_2018.csv;stats_standard_2019.csv;stats_standard_2020.csv;stats_standard_2021.csv;stats_standard_2022.csv;stats_standard_2024.csv
André Ayew,18,stats_standard_2018.csv;stats_standard_2023.csv
André Carrillo,28,stats_standard_2018.csv
André Gomes,28,stats_standard_2019.csv;stats_standard_2020.csv;stats_standard_2021.csv;stats_standard_2022.csv;stats_standard_2024.csv
André Schürrle,24,stats_standard_2019.csv
Andy Carroll,19,stats_standard_2018.csv;stats_standard_2019.csv;stats_standard_2020.csv;stats_standard_2021.csv
Andy Irving,10,stats_standard_2025.csv
Andy King,11,stats_standard_2018.csv
Anel Ahmedhodžić,31,stats_standard_2024.csv
Angel Gomes,2,stats_standard_2019.csv;stats_standard_2020.csv
Angeliño,6,stats_standard_2020.csv
Angelo Ogbonna,32,stats_standard_2018.csv;stats_standard_2019.csv;stats_standard_2020.csv;stats_standard_2021.csv;stats_standard_2022.csv;stats_standard_2023.csv;stats_standard_2024.csv
Angus Gunn,12,stats_standard_2019.csv;stats_standard_2020.csv;stats_standard_2022.csv
Anis Ben Slimane,15,stats_standard_2024.csv
Ansu Fati,19,stats_standard_2024.csv
Anthony Knockaert,33,stats_standard_2018.csv;stats_standard_2019.csv
Anthony Martial,32,stats_standard_2018.csv;stats_standard_2019.csv;stats_standard_2020.csv;stats_standard_2021.csv;stats_standard_2022.csv;stats_standard_2023.csv;stats_standard_2024.csv
Antonio Rüdiger,34,stats_standard_2018.csv;stats_standard_2019.csv;stats_standard_2020.csv;stats_standard_2021.csv;stats_standard_2022.csv
Antonio Valencia,31,stats_standard_2018.csv;stats_standard_2019.csv
Antony,29,stats_standard_2023.csv;stats_standard_2024.csv;stats_standard_2025.csv
Antwoine Hackford,2,stats_standard_2024.csv
Anwar El Ghazi,34,stats_standard_2020.csv;stats_standard_2021.csv;stats_standard_2022.csv
Arijanet Muric,18,stats_standard_2024.csv;stats_standard_2025.csv
Armel Bella Kotchap,24,stats_standard_2023.csv;stats_standard_2025.csv
Arnaut Danjuma,14,stats_standard_2020.csv;stats_standard_2023.csv;stats_standard_2024.csv
Aron Gunnarsson,28,stats_standard_2019.csv
Arthur Masuaku,27,stats_standard_2018.csv;stats_standard_2019.csv;stats_standard_2020.csv;stats_standard_2021.csv;stats_standard_2022.csv
Artur Boruc,12,stats_standard_2019.csv
Asher Agbinone,2,stats_standard_2025.csv
Ashley Barnes,37,stats_standard_2018.csv;stats_standard_2019.csv;stats_standard_2020.csv;stats_standard_2021.csv;stats_standard_2022.csv
Ashley Fletcher,3,stats_standard_2022.csv
Ashley Westwood,38,stats_standard_2018.csv;stats_standard_2019.csv;stats_standard_2020.csv;stats_standard_2021.csv;stats_standard_2022.csv
Ashley Williams,24,stats_standard_2018.csv
Asmir Begović,38,stats_standard_2018.csv;stats_standard_2019.csv;stats_standard_2022.csv
Auston Trusty,32,stats_standard_2024.csv
Aymeric Laporte,35,stats_standard_2018.csv;stats_standard_2019.csv;stats_standard_2020.csv;stats_standard_2021.csv;stats_standard_2022.csv;stats_standard_2023.csv
Ayoze Pérez,37,stats_standard_2018.csv;stats_standard_2019.csv;stats_standard_2020.csv;stats_standard_2021.csv;stats_standard_2022.csv;stats_standard_2023.csv
Badou Ndiaye,13,stats_standard_2018.csv
Bailey Peacock-Farrell,4,stats_standard_2021.csv
Bakary Sako,16,stats_standard_2018.csv;stats_standard_2019.csv
Ben Brereton,14,stats_standard_2024.csv;stats_standard_2025.csv
Ben Doak,2,stats_standard_2023.csv
Ben Foster,38,stats_standard_2018.csv;stats_standard_2019.csv;stats_standard_2020.csv;stats_standard_2022.csv
Ben Gibson,28,stats_standard_2022.csv
Ben Hamer,7,stats_standard_2018.csv;stats_standard_2019.csv
Ben Osborn,24,stats_standard_2020.csv;stats_standard_2021.csv;stats_standard_2024.csv
Ben Pearson,7,stats_standard_2023.csv
Ben Watson,8,stats_standard_2018.csv
Ben Wilmot,2,stats_standard_2019.csv
Ben Winterburn,4,stats_standard_2025.csv
Beni Baningime,8,stats_standard_2018.csv
Benicio Boaitey,5,stats_standard_2024.csv
Benik Afobe,17,stats_standard_2018.csv
Benjamin Mendy,19,stats_standard_2018.csv;stats_standard_2019.csv;stats_standard_2020.csv;stats_standard_2021.csv
Benson Manuel,8,stats_standard_2024.csv
Beram Kayal,19,stats_standard_2018.csv;stats_standard_2019.csv
Bernard,34,stats_standard_2019.csv;stats_standard_2020.csv;stats_standard_2021.csv
Bernardo,22,stats_standard_2019.csv;stats_standard_2020.csv;stats_standard_2021.csv
Bertrand Traoré,36,stats_standard_2021.csv;stats_standard_2022.csv;stats_standard_2023.csv;stats_standard_2024.csv
Billy Gilmour,30,stats_standard_2020.csv;stats_standard_2021.csv;stats_standard_2022.csv;stats_standard_2023.csv;stats_standard_2024.csv;stats_standard_2025.csv
Billy Sharp,25,stats_standard_2020.csv;stats_standard_2021.csv
Björn Engels,17,stats_standard_2020.csv
Bobby Clark,5,stats_standard_2024.csv
Borja Bastón,2,stats_standard_2020.csv
Brahim Díaz,5,stats_standard_2018.csv
Brandon Pierrick,2,stats_standard_2020.csv
Brandon Williams,26,stats_standard_2020.csv;stats_standard_2021.csv;stats_standard_2022.csv
Branislav Ivanović,13,stats_standard_2021.csv
Brenden Aaronson,36,stats_standard_2023.csv
Bruno,25,stats_standard_2018.csv;stats_standard_2019.csv
Bruno Ecuele Manga,38,stats_standard_2019.csv
Bruno Martins Indi,17,stats_standard_2018.csv
Bryan Gil,11,stats_standard_2022.csv;stats_standard_2023.csv;stats_standard_2024.csv
Bénie Traoré,8,stats_standard_2024.csv
Caleb Watts,3,stats_standard_2021.csv
Callum Paterson,27,stats_standard_2019.csv
Callum Robinson,28,stats_standard_2020.csv;stats_standard_2021.csv
Callum Slattery,3,stats_standard_2019.csv
Calum Chambers,31,stats_standard_2018.csv;stats_standard_2019.csv;stats_standard_2020.csv;stats_standard_2021.csv;stats_standard_2022.csv;stats_standard_2023.csv;stats_standard_2024.csv
Carl Jenkinson,3,stats_standard_2019.csv
Carlos Sánchez,7,stats_standard_2019.csv;stats_standard_2020.csv
Carlton Morris,38,stats_standard_2024.csv
Cauley Woodrow,24,stats_standard_2024.csv
Cengiz Ünder,9,stats_standard_2021.csv
Cenk Tosun,25,stats_standard_2018.csv;stats_standard_2019.csv;stats_standard_2020.csv;stats_standard_2021.csv
Cesc Fàbregas,32,stats_standard_2018.csv;stats_standard_2019.csv
Chancel Mbemba,9,stats_standard_2018.csv
Charlie Adam,11,stats_standard_2018.csv
Charlie Austin,25,stats_standard_2018.csv;stats_standard_2019.csv;stats_standard_2021.csv
Charlie Cresswell,5,stats_standard_2022.csv
Charlie Daniels,35,stats_standard_2018.csv;stats_standard_2019.csv;stats_standard_2020.csv
Charlie Goode,6,stats_standard_2022.csv
Charly Musonda Jr.,3,stats_standard_2018.csv
Che Adams,36,stats_standard_2020.csv;stats_standard_2021.csv;stats_standard_2022.csv;stats_standard_2023.csv
Cheikhou Kouyaté,36,stats_standard_2018.csv;stats_standard_2019.csv;stats_standard_2020.csv;stats_standard_2021.csv;stats_standard_2022.csv;stats_standard_2023.csv;stats_standard_2024.csv
Chidozie Obi-Martin,7,stats_standard_2025.csv
Chiquinho,8,stats_standard_2022.csv
Chris Basham,38,stats_standard_2020.csv;stats_standard_2021.csv;stats_standard_2024.csv
Chris Brunt,26,stats_standard_2018.csv
Chris Löwe,29,stats_standard_2018.csv;stats_standard_2019.csv
Chris Smalling,29,stats_standard_2018.csv;stats_standard_2019.csv
Christian Atsu,28,stats_standard_2018.csv;stats_standard_2019.csv;stats_standard_2020.csv
Christian Benteke,31,stats_standard_2018.csv;stats_standard_2019.csv;stats_standard_2020.csv;stats_standard_2021.csv;stats_standard_2022.csv
Christian Fuchs,25,stats_standard_2018.csv;stats_standard_2019.csv;stats_standard_2020.csv;stats_standard_2021.csv
Christian Kabasele,28,stats_standard_2018.csv;stats_standard_2019.csv;stats_standard_2020.csv;stats_standard_2022.csv
Christian Pulisic,27,stats_standard_2020.csv;stats_standard_2021.csv;stats_standard_2022.csv;stats_standard_2023.csv
Christoph Zimmermann,17,stats_standard_2020.csv;stats_standard_2022.csv
Christopher Schindler,37,stats_standard_2018.csv;stats_standard_2019.csv
Christos Tzolis,14,stats_standard_2022.csv
Ciaran Clark,22,stats_standard_2018.csv;stats_standard_2019.csv;stats_standard_2020.csv;stats_standard_2021.csv;stats_standard_2022.csv
Claudio Bravo,4,stats_standard_2018.csv;stats_standard_2020.csv
Claudio Yacob,16,stats_standard_2018.csv
Clément Lenglet,26,stats_standard_2023.csv;stats_standard_2024.csv
Cody Drameh,3,stats_standard_2022.csv
Collin Quaner,26,stats_standard_2018.csv;stats_standard_2019.csv
Connor Goldson,3,stats_standard_2018.csv
Connor Roberts,21,stats_standard_2018.csv;stats_standard_2022.csv;stats_standard_2024.csv
Connor Wickham,6,stats_standard_2019.csv;stats_standard_2020.csv
Conor Gallagher,37,stats_standard_2021.csv;stats_standard_2022.csv;stats_standard_2023.csv;stats_standard_2024.csv
Conor Hourihane,27,stats_standard_2020.csv;stats_standard_2021.csv
Craig Cathcart,36,stats_standard_2018.csv;stats_standard_2019.csv;stats_standard_2020.csv;stats_standard_2022.csv
Cristiano Ronaldo,30,stats_standard_2022.csv;stats_standard_2023.csv
Cucho,25,stats_standard_2022.csv
Cuco Martina,21,stats_standard_2018.csv
Cyrus Christie,28,stats_standard_2019.csv
Cédric Soares,32,stats_standard_2018.csv;stats_standard_2019.csv;stats_standard_2020.csv;stats_standard_2021.csv;stats_standard_2022.csv;stats_standard_2023.csv;stats_standard_2024.csv
César Azpilicueta,38,stats_standard_2018.csv;stats_standard_2019.csv;stats_standard_2020.csv;stats_standard_2021.csv;stats_standard_2022.csv;stats_standard_2023.csv
Daiki Hashioka,10,stats_standard_2024.csv
Dale Stephens,36,stats_standard_2018.csv;stats_standard_2019.csv;stats_standard_2020.csv;stats_standard_2021.csv;stats_standard_2022.csv
Daley Blind,7,stats_standard_2018.csv
Damien Delaney,2,stats_standard_2018.csv
Dan Gosling,28,stats_standard_2018.csv;stats_standard_2019.csv;stats_standard_2020.csv;stats_standard_2022.csv
Dan Nlundulu,13,stats_standard_2021.csv
Dani Ceballos,25,stats_standard_2020.csv;stats_standard_2021.csv
Daniel Amartey,28,stats_standard_2018.csv;stats_standard_2019.csv;stats_standard_2021.csv;stats_standard_2022.csv;stats_standard_2023.csv
Daniel Bachmann,12,stats_standard_2022.csv
Daniel James,33,stats_standard_2020.csv;stats_standard_2021.csv;stats_standard_2022.csv;stats_standard_2023.csv
Daniel Podence,32,stats_standard_2020.csv;stats_standard_2021.csv;stats_standard_2022.csv;stats_standard_2023.csv;stats_standard_2025.csv
Daniel Sturridge,18,stats_standard_2018.csv;stats_standard_2019.csv
Danny Drinkwater,12,stats_standard_2018.csv;stats_standard_2020.csv
Danny Rose,26,stats_standard_2018.csv;stats_standard_2019.csv;stats_standard_2020.csv;stats_standard_2022.csv
Danny Simpson,28,stats_standard_2018.csv;stats_standard_2019.csv
Danny Williams,20,stats_standard_2018.csv;stats_standard_2019.csv
Darnell Furlong,35,stats_standard_2021.csv
Darren Fletcher,27,stats_standard_2018.csv
Darren Randolph,3,stats_standard_2020.csv;stats_standard_2021.csv
Daryl Janmaat,23,stats_standard_2018.csv;stats_standard_2019.csv;stats_standard_2020.csv
David Button,4,stats_standard_2019.csv
David de Gea,38,stats_standard_2018.csv;stats_standard_2019.csv;stats_standard_2020.csv;stats_standard_2021.csv;stats_standard_2022.csv;stats_standard_2023.csv
David Luiz,36,stats_standard_2018.csv;stats_standard_2019.csv;stats_standard_2020.csv;stats_standard_2021.csv
David Martin,5,stats_standard_2020.csv
David McGoldrick,35,stats_standard_2020.csv;stats_standard_2021.csv
David Ospina,5,stats_standard_2018.csv
David Silva,33,stats_standard_2018.csv;stats_standard_2019.csv;stats_standard_2020.csv
Davide Zappacosta,22,stats_standard_2018.csv;stats_standard_2019.csv
Davinson Sánchez,31,stats_standard_2018.csv;stats_standard_2019.csv;stats_standard_2020.csv;stats_standard_2021.csv;stats_standard_2022.csv;stats_standard_2023.csv
Davy Klaassen,7,stats_standard_2018.csv
Davy Pröpper,35,stats_standard_2018.csv;stats_standard_2019.csv;stats_standard_2020.csv;stats_standard_2021.csv
Dean Huijsen,32,stats_standard_2025.csv
Dean Whitehead,4,stats_standard_2018.csv
DeAndre Yedlin,34,stats_standard_2018.csv;stats_standard_2019.csv;stats_standard_2020.csv;stats_standard_2021.csv
Dejan Lovren,29,stats_standard_2018.csv;stats_standard_2019.csv;stats_standard_2020.csv
Dele Alli,36,stats_standard_2018.csv;stats_standard_2019.csv;stats_standard_2020.csv;stats_standard_2021.csv;stats_standard_2022.csv;stats_standard_2023.csv
Demarai Gray,35,stats_standard_2018.csv;stats_standard_2019.csv;stats_standard_2020.csv;stats_standard_2022.csv;stats_standard_2023.csv
Denis Odoi,31,stats_standard_2019.csv;stats_standard_2021.csv
Denis Suárez,4,stats_standard_2019.csv
Denis Zakaria,7,stats_standard_2023.csv
Deniz Undav,22,stats_standard_2023.csv
Dennis Praet,27,stats_standard_2020.csv;stats_standard_2021.csv;stats_standard_2023.csv
Dennis Srbeny,8,stats_standard_2020.csv
Diafra Sakho,14,stats_standard_2018.csv
Diego Carlos,27,stats_standard_2023.csv;stats_standard_2024.csv;stats_standard_2025.csv
Diego Costa,23,stats_standard_2023.csv
Diego Llorente,28,stats_standard_2021.csv;stats_standard_2022.csv;stats_standard_2023.csv
Diego Rico,27,stats_standard_2019.csv;stats_standard_2020.csv
Dimitri Foulquier,3,stats_standard_2020.csv
Dimitris Giannoulis,18,stats_standard_2022.csv
Divin Mubama,5,stats_standard_2023.csv;stats_standard_2024.csv
Divock Origi,28,stats_standard_2019.csv;stats_standard_2020.csv;stats_standard_2021.csv;stats_standard_2022.csv;stats_standard_2024.csv
Djibril Sidibé,25,stats_standard_2020.csv
Domingos Quina,8,stats_standard_2019.csv;stats_standard_2020.csv
Dominic Ballard,2,stats_standard_2023.csv
Dominic Thompson,2,stats_standard_2022.csv
Donny van de Beek,19,stats_standard_2021.csv;stats_standard_2022.csv;stats_standard_2023.csv
Douglas Luiz,37,stats_standard_2020.csv;stats_standard_2021.csv;stats_standard_2022.csv;stats_standard_2023.csv;stats_standard_2024.csv
Duje Ćaleta-Car,13,stats_standard_2023.csv
Dušan Tadić,36,stats_standard_2018.csv
Dwight Gayle,35,stats_standard_2018.csv;stats_standard_2020.csv;stats_standard_2021.csv;stats_standard_2022.csv
Eden Hazard,37,stats_standard_2018.csv;stats_standard_2019.csv
Edimilson Fernandes,14,stats_standard_2018.csv
Edinson Cavani,26,stats_standard_2021.csv;stats_standard_2022.csv
Edmond-Paris Maghoma,8,stats_standard_2025.csv
Edo Kayembe,13,stats_standard_2022.csv
Edouard Mendy,34,stats_standard_2021.csv;stats_standard_2022.csv;stats_standard_2023.csv
Eldin Jakupović,2,stats_standard_2018.csv
Eliaquim Mangala,9,stats_standard_2018.csv
Elias Kachunga,20,stats_standard_2018.csv;stats_standard_2019.csv
Elijah Adebayo,27,stats_standard_2024.csv
Ellis Simms,11,stats_standard_2023.csv
Emerson Palmieri,36,stats_standard_2018.csv;stats_standard_2019.csv;stats_standard_2020.csv;stats_standard_2021.csv;stats_standard_2023.csv;stats_standard_2024.csv;stats_standard_2025.csv
Emi Buendía,38,stats_standard_2020.csv;stats_standard_2022.csv;stats_standard_2023.csv;stats_standard_2025.csv
Emre Can,26,stats_standard_2018.csv
Enda Stevens,38,stats_standard_2020.csv;stats_standard_2021.csv
Enock Mwepu,18,stats_standard_2022.csv;stats_standard_2023.csv
Eric Bailly,13,stats_standard_2018.csv;stats_standard_2019.csv;stats_standard_2020.csv;stats_standard_2021.csv;stats_standard_2022.csv
Eric Dier,35,stats_standard_2018.csv;stats_standard_2019.csv;stats_standard_2020.csv;stats_standard_2021.csv;stats_standard_2022.csv;stats_standard_2023.csv;stats_standard_2024.csv
Eric García,13,stats_standard_2020.csv;stats_standard_2021.csv
Eric Maxim Choupo-Moting,30,stats_standard_2018.csv
Erik Durm,28,stats_standard_2019.csv
Erik Pieters,31,stats_standard_2018.csv;stats_standard_2020.csv;stats_standard_2021.csv;stats_standard_2022.csv
Ethan Ampadu,25,stats_standard_2021.csv
Ezequiel Schelotto,20,stats_standard_2018.csv;stats_standard_2020.csv
Ezgjan Alioski,36,stats_standard_2021.csv
Fabian Delph,22,stats_standard_2018.csv;stats_standard_2019.csv;stats_standard_2020.csv;stats_standard_2021.csv;stats_standard_2022.csv
Fabinho,36,stats_standard_2019.csv;stats_standard_2020.csv;stats_standard_2021.csv;stats_standard_2022.csv;stats_standard_2023.csv
Fabio Carvalho,19,stats_standard_2021.csv;stats_standard_2023.csv;stats_standard_2025.csv
Fabio Vieira,22,stats_standard_2023.csv;stats_standard_2024.csv
Fabián Balbuena,23,stats_standard_2019.csv;stats_standard_2020.csv;stats_standard_2021.csv
Fabricio,2,stats_standard_2019.csv
Facundo Pellistri,9,stats_standard_2023.csv;stats_standard_2024.csv
Federico Fernández,32,stats_standard_2018.csv;stats_standard_2019.csv;stats_standard_2020.csv;stats_standard_2021.csv;stats_standard_2022.csv
Felipe,16,stats_standard_2023.csv;stats_standard_2024.csv
Felipe Anderson,36,stats_standard_2019.csv;stats_standard_2020.csv;stats_standard_2021.csv
Ferdi Kadioglu,6,stats_standard_2025.csv
Fernandinho,34,stats_standard_2018.csv;stats_standard_2019.csv;stats_standard_2020.csv;stats_standard_2021.csv;stats_standard_2022.csv
Fernando Llorente,20,stats_standard_2018.csv;stats_standard_2019.csv
Fernando Marçal,18,stats_standard_2021.csv;stats_standard_2022.csv
Ferrán Torres,24,stats_standard_2021.csv;stats_standard_2022.csv
Fikayo Tomori,15,stats_standard_2020.csv
Filip Krovinović,11,stats_standard_2021.csv
Florent Hadergjonaj,24,stats_standard_2018.csv;stats_standard_2019.csv
Florian Lejeune,24,stats_standard_2018.csv;stats_standard_2019.csv;stats_standard_2020.csv
Florin Andone,23,stats_standard_2019.csv;stats_standard_2020.csv
Floyd Ayité,16,stats_standard_2019.csv
Fodé Ballo-Touré,6,stats_standard_2024.csv
Folarin Balogun,2,stats_standard_2022.csv
Fousseni Diabaté,14,stats_standard_2018.csv
Francis Coquelin,7,stats_standard_2018.csv
Francisco Sierralta,5,stats_standard_2022.csv
Francisco Trincão,28,stats_standard_2022.csv
Frank Onyeka,26,stats_standard_2022.csv;stats_standard_2023.csv;stats_standard_2024.csv;stats_standard_2025.csv
Fred,35,stats_standard_2019.csv;stats_standard_2020.csv;stats_standard_2021.csv;stats_standard_2022.csv;stats_standard_2023.csv
Fred Onyedinma,8,stats_standard_2024.csv
Freddie Woodman,4,stats_standard_2022.csv
Frederic Guilbert,25,stats_standard_2020.csv
Fábio Silva,32,stats_standard_2021.csv;stats_standard_2022.csv;stats_standard_2024.csv
Gabriel Osho,21,stats_standard_2024.csv
Gaetano Berardi,2,stats_standard_2021.csv
Gareth Bale,20,stats_standard_2021.csv
Gareth Barry,25,stats_standard_2018.csv
Gareth McAuley,9,stats_standard_2018.csv
Gary Cahill,27,stats_standard_2018.csv;stats_standard_2019.csv;stats_standard_2020.csv;stats_standard_2021.csv
Gary Madine,5,stats_standard_2019.csv
Gaëtan Bong,25,stats_standard_2018.csv;stats_standard_2019.csv;stats_standard_2020.csv
Gedson Fernandes,7,stats_standard_2020.csv
Geoff Cameron,20,stats_standard_2018.csv
George Baldock,38,stats_standard_2020.csv;stats_standard_2021.csv;stats_standard_2024.csv
George Earthy,3,stats_standard_2024.csv
Georges-Kévin N'Koudou,8,stats_standard_2018.csv
Georginio Wijnaldum,38,stats_standard_2018.csv;stats_standard_2019.csv;stats_standard_2020.csv;stats_standard_2021.csv
Gerard Deulofeu,30,stats_standard_2018.csv;stats_standard_2019.csv;stats_standard_2020.csv
Gianluca Scamacca,16,stats_standard_2023.csv
Gio Reyna,9,stats_standard_2024.csv
Giovani Lo Celso,28,stats_standard_2020.csv;stats_standard_2021.csv;stats_standard_2022.csv;stats_standard_2024.csv
Giulian Biancone,2,stats_standard_2023.csv
Glen Johnson,9,stats_standard_2018.csv
Glenn Murray,38,stats_standard_2018.csv;stats_standard_2019.csv;stats_standard_2020.csv
Gonzalo Higuaín,14,stats_standard_2019.csv
Gonzalo Montiel,14,stats_standard_2024.csv
Grady Diangana,20,stats_standard_2019.csv;stats_standard_2021.csv
Granit Xhaka,38,stats_standard_2018.csv;stats_standard_2019.csv;stats_standard_2020.csv;stats_standard_2021.csv;stats_standard_2022.csv;stats_standard_2023.csv
Grant Hanley,33,stats_standard_2020.csv;stats_standard_2022.csv
Greg Cunningham,7,stats_standard_2019.csv
Grzegorz Krychowiak,27,stats_standard_2018.csv
Guido Carrillo,7,stats_standard_2018.csv
Gustavo Hamer,36,stats_standard_2024.csv
Gustavo Scarpa,6,stats_standard_2023.csv
Gylfi Sigurðsson,38,stats_standard_2018.csv;stats_standard_2019.csv;stats_standard_2020.csv;stats_standard_2021.csv
Hakim Ziyech,23,stats_standard_2021.csv;stats_standard_2022.csv;stats_standard_2023.csv
Hal Robson-Kanu,21,stats_standard_2018.csv;stats_standard_2021.csv
Hamed Junior Traorè,7,stats_standard_2023.csv;stats_standard_2024.csv
Hamza Choudhury,20,stats_standard_2018.csv;stats_standard_2019.csv;stats_standard_2020.csv;stats_standard_2021.csv;stats_standard_2022.csv;stats_standard_2025.csv
Han-Noah Massengo,3,stats_standard_2024.csv
Hannes Delcroix,12,stats_standard_2024.csv
Hannibal Mejbri,5,stats_standard_2022.csv;stats_standard_2024.csv
Harrison Armstrong,3,stats_standard_2025.csv
Harry Arter,25,stats_standard_2018.csv;stats_standard_2019.csv
Harry Clarke,7,stats_standard_2025.csv
Harry Kane,38,stats_standard_2018.csv;stats_standard_2019.csv;stats_standard_2020.csv;stats_standard_2021.csv;stats_standard_2022.csv;stats_standard_2023.csv
Hassane Kamara,19,stats_standard_2022.csv
Henri Lansbury,10,stats_standard_2020.csv
Henrikh Mkhitaryan,25,stats_standard_2018.csv;stats_standard_2019.csv;stats_standard_2020.csv
Heurelho Gomes,24,stats_standard_2018.csv
Hjalmar Ekdal,8,stats_standard_2024.csv
Hugo Bueno,22,stats_standard_2023.csv;stats_standard_2024.csv
Hugo Lloris,38,stats_standard_2018.csv;stats_standard_2019.csv;stats_standard_2020.csv;stats_standard_2021.csv;stats_standard_2022.csv;stats_standard_2023.csv
Hwang Hee-chan,30,stats_standard_2022.csv;stats_standard_2023.csv;stats_standard_2024.csv;stats_standard_2025.csv
Håvard Nordtveit,5,stats_standard_2019.csv
Héctor Bellerín,35,stats_standard_2018.csv;stats_standard_2019.csv;stats_standard_2020.csv;stats_standard_2021.csv
Hélder Costa,25,stats_standard_2019.csv;stats_standard_2021.csv
Ian Poveda,14,stats_standard_2021.csv
Ibrahim Afellay,6,stats_standard_2018.csv
Ibrahim Amadou,11,stats_standard_2020.csv
Ibrahima Cissé,3,stats_standard_2019.csv
Ibrahima Diallo,23,stats_standard_2021.csv;stats_standard_2022.csv;stats_standard_2023.csv
Idrissa Gana Gueye,37,stats_standard_2018.csv;stats_standard_2019.csv;stats_standard_2023.csv;stats_standard_2024.csv;stats_standard_2025.csv
Ignacio Pussetto,7,stats_standard_2020.csv
Igor,24,stats_standard_2024.csv;stats_standard_2025.csv
Illan Meslier,38,stats_standard_2021.csv;stats_standard_2022.csv;stats_standard_2023.csv
Illia Zabarnyi,37,stats_standard_2023.csv;stats_standard_2024.csv;stats_standard_2025.csv
Imran Louza,20,stats_standard_2022.csv
Indiana Vassilev,4,stats_standard_2020.csv
Ionuț Radu,2,stats_standard_2024.csv
Isaac Mbenza,22,stats_standard_2019.csv
Isaac Success,30,stats_standard_2019.csv;stats_standard_2020.csv
Islam Slimani,12,stats_standard_2018.csv
Ismaila Sarr,38,stats_standard_2020.csv;stats_standard_2022.csv;stats_standard_2025.csv
Issa Kaboré,24,stats_standard_2024.csv
Ivan Cavaleiro,36,stats_standard_2019.csv;stats_standard_2021.csv
Ivan Perišić,34,stats_standard_2023.csv;stats_standard_2024.csv
Ivan Toney,33,stats_standard_2022.csv;stats_standard_2023.csv;stats_standard_2024.csv
Ivo Grbić,9,stats_standard_2024.csv
Izzy Brown,13,stats_standard_2018.csv
Jack Butland,35,stats_standard_2018.csv;stats_standard_2022.csv
Jack Colback,11,stats_standard_2023.csv
Jack Cork,38,stats_standard_2018.csv;stats_standard_2019.csv;stats_standard_2020.csv;stats_standard_2021.csv;stats_standard_2022.csv;stats_standard_2024.csv
Jack O'Connell,33,stats_standard_2020.csv;stats_standard_2021.csv
Jack Robinson,34,stats_standard_2020.csv;stats_standard_2021.csv;stats_standard_2024.csv
Jack Simpson,6,stats_standard_2019.csv;stats_standard_2020.csv
Jack Stacey,19,stats_standard_2020.csv;stats_standard_2023.csv
Jack Wilshere,20,stats_standard_2018.csv;stats_standard_2019.csv;stats_standard_2020.csv
Jacob Brown,19,stats_standard_2024.csv
Jacob Bruun Larsen,32,stats_standard_2024.csv
Jaden Philogene Bidace,11,stats_standard_2025.csv
Jahmai Simpson-Pusey,2,stats_standard_2025.csv
Jaidon Anthony,30,stats_standard_2023.csv;stats_standard_2024.csv
Jake Evans,4,stats_standard_2025.csv
Jake Livermore,34,stats_standard_2018.csv;stats_standard_2021.csv
Jakob Sørensen,10,stats_standard_2022.csv
Jakub Moder,28,stats_standard_2021.csv;stats_standard_2022.csv;stats_standard_2024.csv;stats_standard_2025.csv
Jamal Lowe,2,stats_standard_2023.csv
James Collins,13,stats_standard_2018.csv
James McArthur,38,stats_standard_2018.csv;stats_standard_2019.csv;stats_standard_2020.csv;stats_standard_2021.csv;stats_standard_2022.csv;stats_standard_2023.csv
James McCarthy,33,stats_standard_2018.csv;stats_standard_2020.csv;stats_standard_2021.csv
James McClean,30,stats_standard_2018.csv
James McConnell,3,stats_standard_2024.csv
James Morrison,4,stats_standard_2018.csv
James Rodríguez,23,stats_standard_2021.csv
James Tomkins,29,stats_standard_2018.csv;stats_standard_2019.csv;stats_standard_2020.csv;stats_standard_2021.csv;stats_standard_2022.csv;stats_standard_2023.csv;stats_standard_2024.csv
James Trafford,28,stats_standard_2024.csv
Jamie Donley,3,stats_standard_2024.csv
Jamie Murphy,4,stats_standard_2018.csv
Jamie Shackleton,14,stats_standard_2021.csv;stats_standard_2022.csv
Jan Vertonghen,36,stats_standard_2018.csv;stats_standard_2019.csv;stats_standard_2020.csv
Japhet Tanganga,11,stats_standard_2020.csv;stats_standard_2021.csv;stats_standard_2022.csv;stats_standard_2023.csv
Jason Puncheon,10,stats_standard_2018.csv;stats_standard_2019.csv
Javier Hernández,28,stats_standard_2018.csv;stats_standard_2019.csv;stats_standard_2020.csv
Javier Manquillo,21,stats_standard_2018.csv;stats_standard_2019.csv;stats_standard_2020.csv;stats_standard_2021.csv;stats_standard_2022.csv;stats_standard_2023.csv
Jay Fulton,2,stats_standard_2018.csv
Jay Robinson,4,stats_standard_2025.csv
Jay Rodriguez,37,stats_standard_2018.csv;stats_standard_2020.csv;stats_standard_2021.csv;stats_standard_2022.csv;stats_standard_2024.csv
Jay Stansfield,3,stats_standard_2023.csv
Jayden Bogle,34,stats_standard_2021.csv;stats_standard_2024.csv
Jayden Danns,2,stats_standard_2024.csv
Jazz Richards,4,stats_standard_2019.csv
Jaïro Riedewald,33,stats_standard_2018.csv;stats_standard_2020.csv;stats_standard_2021.csv;stats_standard_2022.csv;stats_standard_2023.csv;stats_standard_2024.csv
Jean Seri,32,stats_standard_2019.csv
Jean-Philippe Gbamin,3,stats_standard_2020.csv;stats_standard_2022.csv
Jeff Hendrick,34,stats_standard_2018.csv;stats_standard_2019.csv;stats_standard_2020.csv;stats_standard_2021.csv;stats_standard_2022.csv
Jeffrey Schlupp,34,stats_standard_2018.csv;stats_standard_2019.csv;stats_standard_2020.csv;stats_standard_2021.csv;stats_standard_2022.csv;stats_standard_2023.csv;stats_standard_2024.csv;stats_standard_2025.csv
Jeremy Doku,29,stats_standard_2024.csv;stats_standard_2025.csv
Jeremy Monga,7,stats_standard_2025.csv
Jeremy Ngakia,16,stats_standard_2020.csv;stats_standard_2022.csv
Jermain Defoe,24,stats_standard_2018.csv;stats_standard_2019.csv
Jerome Sinclair,4,stats_standard_2018.csv
Jesse Lingard,33,stats_standard_2018.csv;stats_standard_2019.csv;stats_standard_2020.csv;stats_standard_2021.csv;stats_standard_2022.csv;stats_standard_2023.csv
Jesurun Rak Sakyi,6,stats_standard_2022.csv;stats_standard_2024.csv
Jesé,13,stats_standard_2018.csv
Jesús Gámez,2,stats_standard_2018.csv
Jesús Vallejo,2,stats_standard_2020.csv
Jetro Willems,19,stats_standard_2020.csv
Jimmy Dunne,3,stats_standard_2021.csv
Joe Allen,36,stats_standard_2018.csv
Joe Bennett,30,stats_standard_2019.csv
Joe Bryan,28,stats_standard_2019.csv;stats_standard_2021.csv
Joe Gelhardt,20,stats_standard_2022.csv;stats_standard_2023.csv
Joe Hart,19,stats_standard_2018.csv;stats_standard_2019.csv
Joe Lolley,6,stats_standard_2018.csv
Joe Ralls,28,stats_standard_2019.csv
Joe Rodon,12,stats_standard_2021.csv;stats_standard_2022.csv
Joe Rothwell,20,stats_standard_2023.csv;stats_standard_2024.csv
Joe Worrall,30,stats_standard_2023.csv;stats_standard_2024.csv
Joel Mumbongo,4,stats_standard_2021.csv
Joel Robles,4,stats_standard_2023.csv
John Egan,36,stats_standard_2020.csv;stats_standard_2021.csv;stats_standard_2024.csv
John Fleck,31,stats_standard_2020.csv;stats_standard_2021.csv;stats_standard_2024.csv
John Lundstram,34,stats_standard_2020.csv;stats_standard_2021.csv
Jon Gorenc Stanković,11,stats_standard_2019.csv
Jonas Lössl,38,stats_standard_2018.csv;stats_standard_2019.csv;stats_standard_2022.csv
Jonathan Hogg,30,stats_standard_2018.csv;stats_standard_2019.csv
Jonathan Kodjia,6,stats_standard_2020.csv
Jonathan Rowe,13,stats_standard_2022.csv
Jonathan Walters,3,stats_standard_2018.csv
Jonjo Shelvey,30,stats_standard_2018.csv;stats_standard_2019.csv;stats_standard_2020.csv;stats_standard_2021.csv;stats_standard_2022.csv;stats_standard_2023.csv
Jonjoe Kenny,19,stats_standard_2018.csv;stats_standard_2019.csv;stats_standard_2021.csv;stats_standard_2022.csv
Jonny Castro,35,stats_standard_2019.csv;stats_standard_2020.csv;stats_standard_2021.csv;stats_standard_2022.csv;stats_standard_2023.csv
Jordan Beyer,15,stats_standard_2024.csv
Jordan Clark,23,stats_standard_2024.csv
Jordan Henderson,35,stats_standard_2018.csv;stats_standard_2019.csv;stats_standard_2020.csv;stats_standard_2021.csv;stats_standard_2022.csv;stats_standard_2023.csv
Jordan Hugill,3,stats_standard_2018.csv
Jordan Zemura,19,stats_standard_2023.csv
Jordon Ibe,32,stats_standard_2018.csv;stats_standard_2019.csv;stats_standard_2020.csv
Jorginho,37,stats_standard_2019.csv;stats_standard_2020.csv;stats_standard_2021.csv;stats_standard_2022.csv;stats_standard_2023.csv;stats_standard_2024.csv;stats_standard_2025.csv
Joselu,30,stats_standard_2018.csv;stats_standard_2019.csv
Joseph Hodge,6,stats_standard_2023.csv
Joseph Johnson,2,stats_standard_2024.csv
Joseph Whitworth,2,stats_standard_2023.csv
Josh Benson,6,stats_standard_2021.csv
Josh Brownhill,35,stats_standard_2020.csv;stats_standard_2021.csv;stats_standard_2022.csv;stats_standard_2024.csv
Josh Cullen,25,stats_standard_2018.csv;stats_standard_2024.csv
Josh Maja,15,stats_standard_2021.csv
Josh Martin,5,stats_standard_2020.csv
Josh Murphy,29,stats_standard_2019.csv
Josh Onomah,11,stats_standard_2021.csv;stats_standard_2023.csv
Josh Sargent,26,stats_standard_2022.csv
Josh Sims,7,stats_standard_2018.csv;stats_standard_2019.csv
Josh Tymon,3,stats_standard_2018.csv
Joshua Acheampong,4,stats_standard_2025.csv
Joshua King,35,stats_standard_2018.csv;stats_standard_2019.csv;stats_standard_2020.csv;stats_standard_2021.csv;stats_standard_2022.csv;stats_standard_2025.csv
Josip Drmić,21,stats_standard_2020.csv
José Fonte,8,stats_standard_2018.csv
José Holebas,28,stats_standard_2018.csv;stats_standard_2019.csv;stats_standard_2020.csv
José Izquierdo,32,stats_standard_2018.csv;stats_standard_2019.csv
Jota,10,stats_standard_2020.csv
João Cancelo,36,stats_standard_2020.csv;stats_standard_2021.csv;stats_standard_2022.csv;stats_standard_2023.csv
João Moutinho,38,stats_standard_2019.csv;stats_standard_2020.csv;stats_standard_2021.csv;stats_standard_2022.csv;stats_standard_2023.csv
João Mário,13,stats_standard_2018.csv
João Palhinha,35,stats_standard_2023.csv;stats_standard_2024.csv
Joël Matip,31,stats_standard_2018.csv;stats_standard_2019.csv;stats_standard_2020.csv;stats_standard_2021.csv;stats_standard_2022.csv;stats_standard_2023.csv;stats_standard_2024.csv
Joško Gvardiol,37,stats_standard_2024.csv;stats_standard_2025.csv
Juan Foyth,12,stats_standard_2019.csv;stats_standard_2020.csv
Juan Mata,28,stats_standard_2018.csv;stats_standard_2019.csv;stats_standard_2020.csv;stats_standard_2021.csv;stats_standard_2022.csv
Julian Araujo,12,stats_standard_2025.csv
Julián Speroni,11,stats_standard_2018.csv
Julián Álvarez,36,stats_standard_2023.csv;stats_standard_2024.csv
Juninho Bacuna,21,stats_standard_2019.csv
Junior Firpo,24,stats_standard_2022.csv;stats_standard_2023.csv
Junior Hoilett,32,stats_standard_2019.csv
Junior Stanislas,23,stats_standard_2018.csv;stats_standard_2019.csv;stats_standard_2020.csv;stats_standard_2023.csv
Juraj Kucka,26,stats_standard_2022.csv
Jáder Durán,23,stats_standard_2023.csv;stats_standard_2024.csv;stats_standard_2025.csv
Jérémy Pied,2,stats_standard_2018.csv
Jóhann Berg Guðmundsson,35,stats_standard_2018.csv;stats_standard_2019.csv;stats_standard_2020.csv;stats_standard_2021.csv;stats_standard_2022.csv;stats_standard_2024.csv
Jürgen Locadia,26,stats_standard_2018.csv;stats_standard_2019.csv;stats_standard_2020.csv
Kadeem Harris,13,stats_standard_2019.csv
Kaine Kesler-Hayden,3,stats_standard_2024.csv
Kalidou Koulibaly,23,stats_standard_2023.csv
Kamil Grosicki,3,stats_standard_2021.csv
Karl Darlow,25,stats_standard_2018.csv;stats_standard_2021.csv;stats_standard_2022.csv
Karlan Grant,21,stats_standard_2019.csv;stats_standard_2021.csv
Kasey Palmer,4,stats_standard_2018.csv
Kasper Schmeichel,38,stats_standard_2018.csv;stats_standard_2019.csv;stats_standard_2020.csv;stats_standard_2021.csv;stats_standard_2022.csv
Kean Bryan,13,stats_standard_2021.csv
Keinan Davis,18,stats_standard_2020.csv;stats_standard_2021.csv
Kelechi Iheanacho,30,stats_standard_2018.csv;stats_standard_2019.csv;stats_standard_2020.csv;stats_standard_2021.csv;stats_standard_2022.csv;stats_standard_2023.csv
Ken Sema,18,stats_standard_2019.csv;stats_standard_2022.csv
Kenedy,25,stats_standard_2018.csv;stats_standard_2019.csv
Kenneth Zohore,19,stats_standard_2019.csv
Kenny McLean,37,stats_standard_2020.csv;stats_standard_2022.csv
Kevin Long,16,stats_standard_2018.csv;stats_standard_2019.csv;stats_standard_2020.csv;stats_standard_2021.csv;stats_standard_2022.csv
Kevin Mbabu,6,stats_standard_2023.csv
Kevin McDonald,15,stats_standard_2019.csv
Kevin Mirallas,5,stats_standard_2018.csv
Kevin Wimmer,17,stats_standard_2018.csv
Keylor Navas,17,stats_standard_2023.csv
Ki Sung-yueng,25,stats_standard_2018.csv;stats_standard_2019.csv;stats_standard_2020.csv
Ki-Jana Hoever,12,stats_standard_2021.csv;stats_standard_2022.csv
Kieffer Moore,27,stats_standard_2023.csv;stats_standard_2024.csv
Kieran Dowell,19,stats_standard_2022.csv
Kieran Gibbs,33,stats_standard_2018.csv;stats_standard_2021.csv
Kieron Freeman,2,stats_standard_2020.csv
Kiko Casilla,3,stats_standard_2021.csv
Kiko Femenía,29,stats_standard_2018.csv;stats_standard_2019.csv;stats_standard_2020.csv;stats_standard_2022.csv
Kim Jisoo,3,stats_standard_2025.csv
Kosta Nedeljković,5,stats_standard_2025.csv
Kostas Stafylidis,5,stats_standard_2018.csv
Kostas Tsimikas,20,stats_standard_2021.csv;stats_standard_2022.csv;stats_standard_2023.csv;stats_standard_2024.csv;stats_standard_2025.csv
Kurt Zouma,34,stats_standard_2018.csv;stats_standard_2019.csv;stats_standard_2020.csv;stats_standard_2021.csv;stats_standard_2022.csv;stats_standard_2023.csv;stats_standard_2024.csv
Kyle Bartley,30,stats_standard_2018.csv;stats_standard_2021.csv
Kyle Edwards,5,stats_standard_2021.csv
Kyle Naughton,34,stats_standard_2018.csv
Kyle Walker,33,stats_standard_2018.csv;stats_standard_2019.csv;stats_standard_2020.csv;stats_standard_2021.csv;stats_standard_2022.csv;stats_standard_2023.csv;stats_standard_2024.csv;stats_standard_2025.csv
Laurent Depoitre,33,stats_standard_2018.csv;stats_standard_2019.csv
Laurent Koscielny,25,stats_standard_2018.csv;stats_standard_2019.csv
Layvin Kurzawa,3,stats_standard_2023.csv
Leander Dendoncker,38,stats_standard_2019.csv;stats_standard_2020.csv;stats_standard_2021.csv;stats_standard_2022.csv;stats_standard_2023.csv;stats_standard_2024.csv
Leandro Bacuna,11,stats_standard_2019.csv
Lee Chung-yong,7,stats_standard_2018.csv
Lee Grant,3,stats_standard_2018.csv
Lee Peltier,20,stats_standard_2019.csv;stats_standard_2021.csv
Leighton Baines,22,stats_standard_2018.csv;stats_standard_2019.csv;stats_standard_2020.csv
Leo Fuhr Hjelde,2,stats_standard_2022.csv
Leon Balogun,8,stats_standard_2019.csv
Leon Britton,5,stats_standard_2018.csv
Leon Chiwome,3,stats_standard_2024.csv
Leon Clarke,2,stats_standard_2020.csv
Leonardo Ulloa,10,stats_standard_2018.csv
Leroy Fer,20,stats_standard_2018.csv
Leroy Sané,32,stats_standard_2018.csv;stats_standard_2019.csv
Lewis Bate,3,stats_standard_2022.csv
Lewis Dobbin,12,stats_standard_2022.csv;stats_standard_2024.csv
Lewis Orford,2,stats_standard_2025.csv
Lewis Richardson,2,stats_standard_2021.csv
Liam Cooper,25,stats_standard_2021.csv;stats_standard_2022.csv;stats_standard_2023.csv
Liam Rosenior,3,stats_standard_2018.csv
Lloyd Kelly,23,stats_standard_2020.csv;stats_standard_2023.csv;stats_standard_2024.csv;stats_standard_2025.csv
Lorenz Assignon,15,stats_standard_2024.csv
Loris Karius,19,stats_standard_2018.csv
Loïc Damour,2,stats_standard_2019.csv
Luca Koleosho,15,stats_standard_2024.csv
Lucas Moura,35,stats_standard_2018.csv;stats_standard_2019.csv;stats_standard_2020.csv;stats_standard_2021.csv;stats_standard_2022.csv;stats_standard_2023.csv
Lucas Pérez,15,stats_standard_2019.csv
Lucas Torreira,34,stats_standard_2019.csv;stats_standard_2020.csv
Luciano Narsingh,18,stats_standard_2018.csv
Luciano Vietto,20,stats_standard_2019.csv
Ludwig Augustinsson,3,stats_standard_2023.csv
Luka Milivojević,38,stats_standard_2018.csv;stats_standard_2019.csv;stats_standard_2020.csv;stats_standard_2021.csv;stats_standard_2022.csv;stats_standard_2023.csv
Lukas Nmecha,2,stats_standard_2018.csv
Lukas Rupp,19,stats_standard_2020.csv;stats_standard_2022.csv
Luke Ayling,38,stats_standard_2021.csv;stats_standard_2022.csv;stats_standard_2023.csv
Luke Berry,17,stats_standard_2024.csv
Luke Cundle,4,stats_standard_2022.csv
Luke Freeman,11,stats_standard_2020.csv
Luke Harris,3,stats_standard_2023.csv
Lyanco,21,stats_standard_2022.csv;stats_standard_2023.csv
Lyle Foster,24,stats_standard_2024.csv
Lys Mousset,30,stats_standard_2018.csv;stats_standard_2019.csv;stats_standard_2020.csv;stats_standard_2021.csv
Léo Bonatini,7,stats_standard_2019.csv
Mads Bech Sørensen,11,stats_standard_2022.csv;stats_standard_2023.csv
Mads Bidstrup,4,stats_standard_2022.csv
Mads Juel Andersen,8,stats_standard_2024.csv
Mads Roerslev,34,stats_standard_2022.csv;stats_standard_2023.csv;stats_standard_2024.csv;stats_standard_2025.csv
Mahmoud Dahoud,9,stats_standard_2024.csv
Malang Sarr,8,stats_standard_2022.csv
Mamadou Sakho,27,stats_standard_2018.csv;stats_standard_2019.csv;stats_standard_2020.csv;stats_standard_2021.csv
Mame Biram Diouf,35,stats_standard_2018.csv
Manolo Gabbiadini,28,stats_standard_2018.csv;stats_standard_2019.csv
Manor Solomon,19,stats_standard_2023.csv;stats_standard_2024.csv
Manuel Lanzini,30,stats_standard_2018.csv;stats_standard_2019.csv;stats_standard_2020.csv;stats_standard_2021.csv;stats_standard_2022.csv;stats_standard_2023.csv
Marc Albrighton,34,stats_standard_2018.csv;stats_standard_2019.csv;stats_standard_2020.csv;stats_standard_2021.csv;stats_standard_2022.csv;stats_standard_2023.csv
Marc Navarro,2,stats_standard_2019.csv
Marc Pugh,20,stats_standard_2018.csv
Marc Roca,32,stats_standard_2023.csv
Marcel Sabitzer,11,stats_standard_2023.csv
Marco Stiepermann,24,stats_standard_2020.csv
Marcos Alonso,33,stats_standard_2018.csv;stats_standard_2019.csv;stats_standard_2020.csv;stats_standard_2021.csv;stats_standard_2022.csv
Marcos Rojo,9,stats_standard_2018.csv;stats_standard_2019.csv;stats_standard_2020.csv
Marcus Forss,7,stats_standard_2022.csv
Marek Rodák,2,stats_standard_2021.csv;stats_standard_2023.csv
Mario Lemina,35,stats_standard_2018.csv;stats_standard_2019.csv;stats_standard_2021.csv;stats_standard_2023.csv;stats_standard_2024.csv;stats_standard_2025.csv
Mario Vrančić,20,stats_standard_2020.csv
Mark Noble,33,stats_standard_2018.csv;stats_standard_2019.csv;stats_standard_2020.csv;stats_standard_2021.csv;stats_standard_2022.csv
Mark O'Mahony,3,stats_standard_2024.csv
Marko Arnautović,31,stats_standard_2018.csv;stats_standard_2019.csv
Marko Grujić,3,stats_standard_2018.csv
Markus Suttner,14,stats_standard_2018.csv
Marouane Fellaini,16,stats_standard_2018.csv;stats_standard_2019.csv
Martin Cranie,3,stats_standard_2018.csv
Martin Kelly,19,stats_standard_2018.csv;stats_standard_2019.csv;stats_standard_2020.csv
Martin Olsson,36,stats_standard_2018.csv
Martín Montoya,27,stats_standard_2019.csv;stats_standard_2020.csv
Marvelous Nakamba,29,stats_standard_2020.csv;stats_standard_2021.csv;stats_standard_2022.csv;stats_standard_2024.csv
Marvin Zeegelaar,12,stats_standard_2018.csv
Mason Burstow,2,stats_standard_2024.csv
Mason Greenwood,31,stats_standard_2019.csv;stats_standard_2020.csv;stats_standard_2021.csv;stats_standard_2022.csv
Mason Holgate,28,stats_standard_2018.csv;stats_standard_2019.csv;stats_standard_2020.csv;stats_standard_2021.csv;stats_standard_2022.csv;stats_standard_2023.csv;stats_standard_2024.csv
Mateo Joseph,3,stats_standard_2023.csv
Mateo Kovačić,32,stats_standard_2019.csv;stats_standard_2020.csv;stats_standard_2021.csv;stats_standard_2022.csv;stats_standard_2023.csv;stats_standard_2024.csv;stats_standard_2025.csv
Mateusz Klich,35,stats_standard_2021.csv;stats_standard_2022.csv;stats_standard_2023.csv
Matheus Pereira,33,stats_standard_2021.csv
Mathew Ryan,38,stats_standard_2018.csv;stats_standard_2019.csv;stats_standard_2020.csv;stats_standard_2021.csv
Mathias Jørgensen,38,stats_standard_2018.csv;stats_standard_2019.csv;stats_standard_2022.csv;stats_standard_2023.csv;stats_standard_2024.csv
Mathias Normann,23,stats_standard_2022.csv
Matt Phillips,33,stats_standard_2018.csv;stats_standard_2021.csv
Matt Ritchie,36,stats_standard_2018.csv;stats_standard_2019.csv;stats_standard_2020.csv;stats_standard_2021.csv;stats_standard_2022.csv;stats_standard_2023.csv;stats_standard_2024.csv
Matteo Darmian,8,stats_standard_2018.csv;stats_standard_2019.csv
Matthew Longstaff,9,stats_standard_2020.csv;stats_standard_2021.csv
Matthew Lowton,34,stats_standard_2018.csv;stats_standard_2019.csv;stats_standard_2020.csv;stats_standard_2021.csv;stats_standard_2022.csv
Matty Daly,2,stats_standard_2019.csv
Matty James,13,stats_standard_2018.csv
Mattéo Guendouzi,33,stats_standard_2019.csv;stats_standard_2020.csv
Matías Viña,12,stats_standard_2023.csv
Matěj Vydra,28,stats_standard_2019.csv;stats_standard_2020.csv;stats_standard_2021.csv;stats_standard_2022.csv
Max Aarons,36,stats_standard_2020.csv;stats_standard_2022.csv;stats_standard_2024.csv;stats_standard_2025.csv
Max Kilman,38,stats_standard_2020.csv;stats_standard_2021.csv;stats_standard_2022.csv;stats_standard_2023.csv;stats_standard_2024.csv;stats_standard_2025.csv
Max Lowe,10,stats_standard_2021.csv;stats_standard_2024.csv
Max Meyer,29,stats_standard_2019.csv;stats_standard_2020.csv
Maxime Estève,16,stats_standard_2024.csv
Maxime Le Marchand,26,stats_standard_2019.csv;stats_standard_2021.csv
Maximilian Wöber,16,stats_standard_2023.csv
Maxwel Cornet,26,stats_standard_2022.csv;stats_standard_2023.csv;stats_standard_2024.csv;stats_standard_2025.csv
Maya Yoshida,24,stats_standard_2018.csv;stats_standard_2019.csv;stats_standard_2020.csv
Mbaye Diagne,16,stats_standard_2021.csv
Mbwana Samatta,14,stats_standard_2020.csv
Mesut Özil,26,stats_standard_2018.csv;stats_standard_2019.csv;stats_standard_2020.csv
Michael Carrick,2,stats_standard_2018.csv
Michael Hector,4,stats_standard_2021.csv
Michael Hefele,2,stats_standard_2018.csv
Michael McGovern,2,stats_standard_2020.csv
Michael Obafemi,21,stats_standard_2019.csv;stats_standard_2020.csv;stats_standard_2021.csv;stats_standard_2024.csv
Michael Olakigbe,8,stats_standard_2024.csv
Michael Olise,37,stats_standard_2022.csv;stats_standard_2023.csv;stats_standard_2024.csv
Michel Vorm,2,stats_standard_2019.csv
Michy Batshuayi,18,stats_standard_2018.csv;stats_standard_2019.csv;stats_standard_2020.csv;stats_standard_2021.csv
Miguel Almirón,36,stats_standard_2019.csv;stats_standard_2020.csv;stats_standard_2021.csv;stats_standard_2022.csv;stats_standard_2023.csv;stats_standard_2024.csv;stats_standard_2025.csv
Miguel Britos,12,stats_standard_2018.csv;stats_standard_2019.csv
Mike Trésor,16,stats_standard_2024.csv
Mike van der Hoorn,24,stats_standard_2018.csv
Milot Rashica,31,stats_standard_2022.csv
Mohamed Diamé,31,stats_standard_2018.csv;stats_standard_2019.csv
Mohamed Elneny,23,stats_standard_2018.csv;stats_standard_2019.csv;stats_standard_2021.csv;stats_standard_2022.csv;stats_standard_2023.csv;stats_standard_2024.csv
Mohamed Elyounoussi,33,stats_standard_2019.csv;stats_standard_2022.csv;stats_standard_2023.csv
Mohammed Salisu,34,stats_standard_2021.csv;stats_standard_2022.csv;stats_standard_2023.csv
Moise Kean,29,stats_standard_2020.csv;stats_standard_2021.csv
Molla Wagué,6,stats_standard_2018.csv
Morgan Sanson,10,stats_standard_2021.csv;stats_standard_2022.csv;stats_standard_2023.csv
Morgan Schneiderlin,30,stats_standard_2018.csv;stats_standard_2019.csv;stats_standard_2020.csv
Moritz Bauer,15,stats_standard_2018.csv
Moritz Leitner,9,stats_standard_2020.csv
Mousa Dembélé,28,stats_standard_2018.csv;stats_standard_2019.csv
Moussa Diaby,38,stats_standard_2024.csv
Moussa Djenepo,27,stats_standard_2020.csv;stats_standard_2021.csv;stats_standard_2022.csv;stats_standard_2023.csv
Moussa Niakhate,21,stats_standard_2023.csv;stats_standard_2024.csv
Moussa Sissoko,36,stats_standard_2018.csv;stats_standard_2019.csv;stats_standard_2020.csv;stats_standard_2021.csv;stats_standard_2022.csv
Muhamed Bešić,9,stats_standard_2018.csv;stats_standard_2020.csv
Mykhailo Mudryk,31,stats_standard_2023.csv;stats_standard_2024.csv;stats_standard_2025.csv
N'Golo Kanté,36,stats_standard_2018.csv;stats_standard_2019.csv;stats_standard_2020.csv;stats_standard_2021.csv;stats_standard_2022.csv;stats_standard_2023.csv
Nabil Bentaleb,12,stats_standard_2020.csv
Naby Keïta,25,stats_standard_2019.csv;stats_standard_2020.csv;stats_standard_2021.csv;stats_standard_2022.csv;stats_standard_2023.csv
Nacer Chadli,5,stats_standard_2018.csv
Nacho Monreal,28,stats_standard_2018.csv;stats_standard_2019.csv;stats_standard_2020.csv
Nahki Wells,9,stats_standard_2018.csv
Nampalys Mendy,31,stats_standard_2019.csv;stats_standard_2020.csv;stats_standard_2021.csv;stats_standard_2022.csv;stats_standard_2023.csv
Naouirou Ahamada,20,stats_standard_2023.csv;stats_standard_2024.csv
Nathan Dyer,24,stats_standard_2018.csv
Nathan Holland,2,stats_standard_2020.csv
Nathan Redmond,38,stats_standard_2018.csv;stats_standard_2019.csv;stats_standard_2020.csv;stats_standard_2021.csv;stats_standard_2022.csv;stats_standard_2024.csv
Nathan Tella,18,stats_standard_2021.csv;stats_standard_2022.csv
Nathan Wood-Gordon,11,stats_standard_2025.csv
Nathaniel Chalobah,22,stats_standard_2018.csv;stats_standard_2019.csv;stats_standard_2020.csv;stats_standard_2023.csv
Nathaniel Mendez-Laing,20,stats_standard_2019.csv
Nathaniel Phillips,17,stats_standard_2021.csv;stats_standard_2023.csv
Nayef Aguerd,21,stats_standard_2023.csv;stats_standard_2024.csv
Neal Maupay,37,stats_standard_2020.csv;stats_standard_2021.csv;stats_standard_2022.csv;stats_standard_2023.csv;stats_standard_2024.csv
Neeskens Kebano,17,stats_standard_2019.csv;stats_standard_2021.csv;stats_standard_2023.csv
Neil Etheridge,38,stats_standard_2019.csv
Neil Taylor,14,stats_standard_2020.csv
Nemanja Matić,36,stats_standard_2018.csv;stats_standard_2019.csv;stats_standard_2020.csv;stats_standard_2021.csv;stats_standard_2022.csv
Nico O’Reilly,9,stats_standard_2025.csv
Nicolas Nkoulou,3,stats_standard_2022.csv
Nicolas Pépé,31,stats_standard_2020.csv;stats_standard_2021.csv;stats_standard_2022.csv
Nicolás González,11,stats_standard_2025.csv
Nicolás Otamendi,34,stats_standard_2018.csv;stats_standard_2019.csv;stats_standard_2020.csv
Nicolò Zaniolo,25,stats_standard_2024.csv
Niels Nkounkou,2,stats_standard_2021.csv
Nikola Vlašić,19,stats_standard_2018.csv;stats_standard_2022.csv
Nordin Amrabat,3,stats_standard_2018.csv
Nuno Tavares,22,stats_standard_2022.csv;stats_standard_2024.csv
Odion Ighalo,11,stats_standard_2020.csv
Oghenekaro Etebo,9,stats_standard_2022.csv
Okay Yokuşlu,16,stats_standard_2021.csv
Oliver Arblaster,12,stats_standard_2024.csv
Oliver Burke,25,stats_standard_2018.csv;stats_standard_2021.csv
Oliver McBurnie,36,stats_standard_2018.csv;stats_standard_2020.csv;stats_standard_2021.csv;stats_standard_2024.csv
Oliver Norwood,38,stats_standard_2020.csv;stats_standard_2021.csv;stats_standard_2024.csv
Olivier Giroud,27,stats_standard_2018.csv;stats_standard_2019.csv;stats_standard_2020.csv;stats_standard_2021.csv
Omari Forson,4,stats_standard_2024.csv
Ondrej Duda,10,stats_standard_2020.csv
Onel Hernández,26,stats_standard_2020.csv
Orestis Karnezis,15,stats_standard_2018.csv
Oriol Romeu,36,stats_standard_2018.csv;stats_standard_2019.csv;stats_standard_2020.csv;stats_standard_2021.csv;stats_standard_2022.csv
Oumar Niasse,22,stats_standard_2018.csv;stats_standard_2019.csv;stats_standard_2020.csv
Owen Otasowie,6,stats_standard_2021.csv
Ozan Kabak,11,stats_standard_2021.csv;stats_standard_2022.csv
Ozan Tufan,7,stats_standard_2022.csv
Pablo Fornals,36,stats_standard_2020.csv;stats_standard_2021.csv;stats_standard_2022.csv;stats_standard_2023.csv;stats_standard_2024.csv
Pablo Hernández,16,stats_standard_2021.csv
Pablo Marí,10,stats_standard_2020.csv;stats_standard_2021.csv;stats_standard_2022.csv
Pablo Zabaleta,37,stats_standard_2018.csv;stats_standard_2019.csv;stats_standard_2020.csv
Pascal Groß,38,stats_standard_2018.csv;stats_standard_2019.csv;stats_standard_2020.csv;stats_standard_2021.csv;stats_standard_2022.csv;stats_standard_2023.csv;stats_standard_2024.csv
Pascal Struijk,29,stats_standard_2021.csv;stats_standard_2022.csv;stats_standard_2023.csv
Patrice Evra,5,stats_standard_2018.csv
Patrick Bamford,38,stats_standard_2021.csv;stats_standard_2022.csv;stats_standard_2023.csv
Patrick Cutrone,12,stats_standard_2020.csv;stats_standard_2021.csv
Patrick Roberts,3,stats_standard_2020.csv
Patrick van Aanholt,36,stats_standard_2018.csv;stats_standard_2019.csv;stats_standard_2020.csv;stats_standard_2021.csv
Paul Dummett,26,stats_standard_2018.csv;stats_standard_2019.csv;stats_standard_2020.csv;stats_standard_2021.csv;stats_standard_2022.csv;stats_standard_2024.csv
Paul Pogba,35,stats_standard_2018.csv;stats_standard_2019.csv;stats_standard_2020.csv;stats_standard_2021.csv;stats_standard_2022.csv
Paulo Gazzaniga,18,stats_standard_2019.csv;stats_standard_2020.csv
Pedro,31,stats_standard_2018.csv;stats_standard_2019.csv;stats_standard_2020.csv
Pedro Obiang,24,stats_standard_2018.csv;stats_standard_2019.csv
Pelly Ruddock Mpanzu,27,stats_standard_2024.csv
Pepe Reina,12,stats_standard_2020.csv
Per Mertesacker,6,stats_standard_2018.csv
Percy Tau,3,stats_standard_2021.csv
Peter Crouch,31,stats_standard_2018.csv;stats_standard_2019.csv
Petr Čech,34,stats_standard_2018.csv;stats_standard_2019.csv
Phil Bardsley,21,stats_standard_2018.csv;stats_standard_2019.csv;stats_standard_2020.csv;stats_standard_2021.csv
Phil Jagielka,25,stats_standard_2018.csv;stats_standard_2019.csv;stats_standard_2020.csv;stats_standard_2021.csv
Phil Jones,23,stats_standard_2018.csv;stats_standard_2019.csv;stats_standard_2020.csv;stats_standard_2022.csv
Philip Billing,36,stats_standard_2018.csv;stats_standard_2019.csv;stats_standard_2020.csv;stats_standard_2023.csv;stats_standard_2024.csv;stats_standard_2025.csv
Philippe Coutinho,20,stats_standard_2018.csv;stats_standard_2022.csv;stats_standard_2023.csv;stats_standard_2024.csv
Pierre Højbjerg,38,stats_standard_2018.csv;stats_standard_2019.csv;stats_standard_2020.csv;stats_standard_2021.csv;stats_standard_2022.csv;stats_standard_2023.csv;stats_standard_2024.csv
Pierre Lees-Melou,33,stats_standard_2022.csv
Pierre-Emerick Aubameyang,36,stats_standard_2018.csv;stats_standard_2019.csv;stats_standard_2020.csv;stats_standard_2021.csv;stats_standard_2022.csv;stats_standard_2023.csv
Pontus Jansson,37,stats_standard_2022.csv;stats_standard_2023.csv
Przemysław Płacheta,12,stats_standard_2022.csv
Rachid Ghezzal,19,stats_standard_2019.csv
Ragnar Klavan,19,stats_standard_2018.csv
Rajiv van La Parra,33,stats_standard_2018.csv;stats_standard_2019.csv
Ramadan Sobhi,24,stats_standard_2018.csv;stats_standard_2019.csv
Ramiro Funes Mori,4,stats_standard_2018.csv
Raphaël Varane,24,stats_standard_2022.csv;stats_standard_2023.csv;stats_standard_2024.csv
Raphinha,35,stats_standard_2021.csv;stats_standard_2022.csv
Rasmus Kristensen,26,stats_standard_2023.csv
Reece Burke,22,stats_standard_2024.csv
Rekeem Harper,2,stats_standard_2021.csv
Remo Freuler,28,stats_standard_2023.csv
Renan Lodi,28,stats_standard_2023.csv
Renato Sanches,12,stats_standard_2018.csv
Rhian Brewster,27,stats_standard_2021.csv;stats_standard_2024.csv
Rhys Healey,3,stats_standard_2019.csv
Rhys Norrington-Davies,5,stats_standard_2024.csv
Rhys Williams,9,stats_standard_2021.csv
Richairo Živković,5,stats_standard_2020.csv
Riyad Mahrez,36,stats_standard_2018.csv;stats_standard_2019.csv;stats_standard_2020.csv;stats_standard_2021.csv;stats_standard_2022.csv;stats_standard_2023.csv
Rob Elliot,16,stats_standard_2018.csv
Rob Holding,30,stats_standard_2018.csv;stats_standard_2019.csv;stats_standard_2020.csv;stats_standard_2021.csv;stats_standard_2022.csv;stats_standard_2023.csv
Robbie Brady,19,stats_standard_2018.csv;stats_standard_2019.csv;stats_standard_2020.csv;stats_standard_2021.csv
Robert Snodgrass,33,stats_standard_2019.csv;stats_standard_2020.csv;stats_standard_2021.csv
Roberto,8,stats_standard_2020.csv
Roberto Firmino,38,stats_standard_2018.csv;stats_standard_2019.csv;stats_standard_2020.csv;stats_standard_2021.csv;stats_standard_2022.csv;stats_standard_2023.csv
Roberto Pereyra,33,stats_standard_2018.csv;stats_standard_2019.csv;stats_standard_2020.csv
Robin Koch,36,stats_standard_2021.csv;stats_standard_2022.csv;stats_standard_2023.csv
Rodrigo,31,stats_standard_2021.csv;stats_standard_2022.csv;stats_standard_2023.csv
Rodrigo Ribeiro,4,stats_standard_2024.csv
Rolando Aarons,4,stats_standard_2018.csv
Romain Faivre,5,stats_standard_2024.csv
Romain Perraud,29,stats_standard_2022.csv;stats_standard_2023.csv
Romain Saïss,33,stats_standard_2019.csv;stats_standard_2020.csv;stats_standard_2021.csv;stats_standard_2022.csv
Romaine Sawyers,19,stats_standard_2021.csv
Romelu Lukaku,34,stats_standard_2018.csv;stats_standard_2019.csv;stats_standard_2022.csv
Roque Mesa,11,stats_standard_2018.csv
Ruben Loftus-Cheek,30,stats_standard_2018.csv;stats_standard_2019.csv;stats_standard_2020.csv;stats_standard_2021.csv;stats_standard_2022.csv;stats_standard_2023.csv
Rui Patrício,38,stats_standard_2019.csv;stats_standard_2020.csv;stats_standard_2021.csv
Ryan Babel,16,stats_standard_2019.csv
Ryan Bennett,34,stats_standard_2019.csv;stats_standard_2020.csv
Ryan Bertrand,35,stats_standard_2018.csv;stats_standard_2019.csv;stats_standard_2020.csv;stats_standard_2021.csv;stats_standard_2022.csv
Ryan Fredericks,27,stats_standard_2019.csv;stats_standard_2020.csv;stats_standard_2021.csv;stats_standard_2022.csv;stats_standard_2023.csv
Ryan Giles,11,stats_standard_2024.csv
Ryan Shawcross,27,stats_standard_2018.csv
Rúben Neves,38,stats_standard_2019.csv;stats_standard_2020.csv;stats_standard_2021.csv;stats_standard_2022.csv;stats_standard_2023.csv
Rúben Vinagre,17,stats_standard_2019.csv;stats_standard_2020.csv;stats_standard_2021.csv;stats_standard_2023.csv
Sadio Mané,36,stats_standard_2018.csv;stats_standard_2019.csv;stats_standard_2020.csv;stats_standard_2021.csv;stats_standard_2022.csv
Saido Berahino,15,stats_standard_2018.csv
Salomón Rondón,36,stats_standard_2018.csv;stats_standard_2019.csv;stats_standard_2022.csv;stats_standard_2023.csv
Sam Baldock,2,stats_standard_2018.csv
Sam Byram,17,stats_standard_2018.csv;stats_standard_2020.csv;stats_standard_2022.csv
Sam Clucas,29,stats_standard_2018.csv
Sam Field,10,stats_standard_2018.csv;stats_standard_2021.csv
Sam Gallagher,4,stats_standard_2019.csv
Sam Greenwood,18,stats_standard_2022.csv;stats_standard_2023.csv
Sam McQueen,7,stats_standard_2018.csv
Sam Surridge,20,stats_standard_2019.csv;stats_standard_2020.csv;stats_standard_2023.csv
Sam Vokes,30,stats_standard_2018.csv;stats_standard_2019.csv
Saman Ghoddos,19,stats_standard_2022.csv;stats_standard_2023.csv;stats_standard_2024.csv
Samir Nasri,5,stats_standard_2019.csv
Samir Santos,19,stats_standard_2022.csv
Samuel Amo-Ameyaw,2,stats_standard_2025.csv
Samuel Edozie,17,stats_standard_2023.csv;stats_standard_2025.csv
Samuel Kalu,4,stats_standard_2022.csv
Sandro Ramírez,8,stats_standard_2018.csv
Saïd Benrahma,35,stats_standard_2021.csv;stats_standard_2022.csv;stats_standard_2023.csv;stats_standard_2024.csv
Saúl Ñíguez,10,stats_standard_2022.csv
Scott Arfield,18,stats_standard_2018.csv
Scott Dann,17,stats_standard_2018.csv;stats_standard_2019.csv;stats_standard_2020.csv;stats_standard_2021.csv
Scott Malone,22,stats_standard_2018.csv
Scott McKenna,20,stats_standard_2023.csv;stats_standard_2024.csv
Scott McTominay,32,stats_standard_2018.csv;stats_standard_2019.csv;stats_standard_2020.csv;stats_standard_2021.csv;stats_standard_2022.csv;stats_standard_2023.csv;stats_standard_2024.csv;stats_standard_2025.csv
Sead Kolašinac,27,stats_standard_2018.csv;stats_standard_2019.csv;stats_standard_2020.csv;stats_standard_2022.csv
Sean Morrison,34,stats_standard_2019.csv
Sebastian Prödl,21,stats_standard_2018.csv
Sekou Mara,22,stats_standard_2023.csv
Semi Ajayi,33,stats_standard_2021.csv
Serge Aurier,33,stats_standard_2018.csv;stats_standard_2019.csv;stats_standard_2020.csv;stats_standard_2021.csv;stats_standard_2023.csv;stats_standard_2024.csv
Sergi Canós,31,stats_standard_2022.csv;stats_standard_2023.csv
Sergio Agüero,33,stats_standard_2018.csv;stats_standard_2019.csv;stats_standard_2020.csv;stats_standard_2021.csv
Sergio Gómez,12,stats_standard_2023.csv;stats_standard_2024.csv
Sergio Rico,29,stats_standard_2019.csv
Shandon Baptiste,23,stats_standard_2022.csv;stats_standard_2023.csv;stats_standard_2024.csv
Shane Duffy,37,stats_standard_2018.csv;stats_standard_2019.csv;stats_standard_2020.csv;stats_standard_2022.csv;stats_standard_2023.csv
Shane Long,30,stats_standard_2018.csv;stats_standard_2019.csv;stats_standard_2020.csv;stats_standard_2021.csv;stats_standard_2022.csv
Shinji Okazaki,27,stats_standard_2018.csv;stats_standard_2019.csv
Shkodran Mustafi,31,stats_standard_2018.csv;stats_standard_2019.csv;stats_standard_2020.csv;stats_standard_2021.csv
Shola Shoretire,2,stats_standard_2021.csv
Sidnei Tavares,2,stats_standard_2021.csv
Simon Francis,32,stats_standard_2018.csv;stats_standard_2019.csv;stats_standard_2020.csv
Simon Mignolet,19,stats_standard_2018.csv
Simon Moore,2,stats_standard_2020.csv
Siriki Dembélé,6,stats_standard_2023.csv
Sofiane Boufal,26,stats_standard_2018.csv;stats_standard_2020.csv
Sofyan Amrabat,21,stats_standard_2024.csv
Sokratis Papastathopoulos,25,stats_standard_2019.csv;stats_standard_2020.csv
Sol Bamba,28,stats_standard_2019.csv
Son Heung-min,37,stats_standard_2018.csv;stats_standard_2019.csv;stats_standard_2020.csv;stats_standard_2021.csv;stats_standard_2022.csv;stats_standard_2023.csv;stats_standard_2024.csv;stats_standard_2025.csv
Stefan Bajcetic,11,stats_standard_2023.csv
Stefan Johansen,12,stats_standard_2019.csv
Stefano Okaka,15,stats_standard_2018.csv;stats_standard_2019.csv
Stephan Lichtsteiner,14,stats_standard_2019.csv
Stephen Ireland,4,stats_standard_2018.csv
Stephen Ward,28,stats_standard_2018.csv;stats_standard_2019.csv
Steve Cook,34,stats_standard_2018.csv;stats_standard_2019.csv;stats_standard_2020.csv;stats_standard_2023.csv
Steve Mounié,31,stats_standard_2018.csv;stats_standard_2019.csv
Steven Alzate,19,stats_standard_2020.csv;stats_standard_2021.csv;stats_standard_2022.csv
Steven Bergwijn,25,stats_standard_2020.csv;stats_standard_2021.csv;stats_standard_2022.csv
Steven Davis,23,stats_standard_2018.csv;stats_standard_2019.csv
Steven Defour,24,stats_standard_2018.csv;stats_standard_2019.csv
Stuart Armstrong,33,stats_standard_2019.csv;stats_standard_2020.csv;stats_standard_2021.csv;stats_standard_2022.csv;stats_standard_2023.csv
Stuart Dallas,38,stats_standard_2021.csv;stats_standard_2022.csv
Sávio,29,stats_standard_2025.csv
Sébastien Haller,32,stats_standard_2020.csv;stats_standard_2021.csv
Tahith Chong,33,stats_standard_2019.csv;stats_standard_2020.csv;stats_standard_2024.csv
Takumi Minamino,11,stats_standard_2020.csv;stats_standard_2021.csv;stats_standard_2022.csv
Tammy Abraham,34,stats_standard_2018.csv;stats_standard_2020.csv;stats_standard_2021.csv
Tanguy Ndombele,33,stats_standard_2020.csv;stats_standard_2021.csv;stats_standard_2022.csv
Taylor Richards,2,stats_standard_2022.csv
Teden Mengi,30,stats_standard_2024.csv
Teemu Pukki,37,stats_standard_2020.csv;stats_standard_2022.csv
Terence Kongolo,32,stats_standard_2018.csv;stats_standard_2019.csv
Tetê,13,stats_standard_2023.csv
Theo Walcott,37,stats_standard_2018.csv;stats_standard_2019.csv;stats_standard_2020.csv;stats_standard_2021.csv;stats_standard_2022.csv;stats_standard_2023.csv
Thiago,8,stats_standard_2025.csv
Thiago Alcántara,25,stats_standard_2021.csv;stats_standard_2022.csv;stats_standard_2023.csv
Thiago Silva,32,stats_standard_2021.csv;stats_standard_2022.csv;stats_standard_2023.csv;stats_standard_2024.csv
Thibaut Courtois,35,stats_standard_2018.csv
Thilo Kehrer,27,stats_standard_2023.csv;stats_standard_2024.csv
Thomas Cannon,2,stats_standard_2023.csv
Thomas Kaminski,38,stats_standard_2024.csv
Thomas Strakosha,2,stats_standard_2024.csv
Tiemoué Bakayoko,29,stats_standard_2018.csv
Tim Krul,36,stats_standard_2020.csv;stats_standard_2022.csv
Tim Ream,33,stats_standard_2019.csv;stats_standard_2021.csv;stats_standard_2023.csv;stats_standard_2024.csv
Timm Klose,7,stats_standard_2020.csv
Timothy Fosu-Mensah,21,stats_standard_2018.csv;stats_standard_2019.csv;stats_standard_2020.csv
Toby Alderweireld,34,stats_standard_2018.csv;stats_standard_2019.csv;stats_standard_2020.csv;stats_standard_2021.csv
Todd Cantwell,37,stats_standard_2020.csv;stats_standard_2022.csv
Tom Carroll,37,stats_standard_2018.csv
Tom Cleverley,28,stats_standard_2018.csv;stats_standard_2019.csv;stats_standard_2020.csv;stats_standard_2022.csv
Tom Davies,33,stats_standard_2018.csv;stats_standard_2019.csv;stats_standard_2020.csv;stats_standard_2021.csv;stats_standard_2022.csv;stats_standard_2023.csv;stats_standard_2024.csv
Tom Edwards,6,stats_standard_2018.csv
Tom Ince,33,stats_standard_2018.csv
Tom Lockyer,14,stats_standard_2024.csv
Tom Trybull,16,stats_standard_2020.csv
Tomer Hemed,16,stats_standard_2018.csv
Tommy Smith,24,stats_standard_2018.csv;stats_standard_2019.csv
Tony Springett,3,stats_standard_2022.csv
Toti Gomes,35,stats_standard_2022.csv;stats_standard_2023.csv;stats_standard_2024.csv;stats_standard_2025.csv
Trent Alexander-Arnold,38,stats_standard_2018.csv;stats_standard_2019.csv;stats_standard_2020.csv;stats_standard_2021.csv;stats_standard_2022.csv;stats_standard_2023.csv;stats_standard_2024.csv;stats_standard_2025.csv
Troy Deeney,32,stats_standard_2018.csv;stats_standard_2019.csv;stats_standard_2020.csv;stats_standard_2022.csv
Troy Parrott,2,stats_standard_2020.csv
Trézéguet,34,stats_standard_2020.csv;stats_standard_2021.csv
Tyler Fredricson,2,stats_standard_2025.csv
Tyler Onyango,3,stats_standard_2022.csv
Tyler Roberts,27,stats_standard_2021.csv;stats_standard_2022.csv
Tyrell Malacia,22,stats_standard_2023.csv;stats_standard_2025.csv
Tyrese Campbell,4,stats_standard_2018.csv
Valentino Lazaro,13,stats_standard_2020.csv
Valentino Livramento,37,stats_standard_2022.csv;stats_standard_2023.csv;stats_standard_2024.csv;stats_standard_2025.csv
Valentín Barco,6,stats_standard_2024.csv
Vicente Guaita,37,stats_standard_2019.csv;stats_standard_2020.csv;stats_standard_2021.csv;stats_standard_2022.csv;stats_standard_2023.csv
Vicente Iborra,19,stats_standard_2018.csv;stats_standard_2019.csv
Victor Bernth Kristiansen,30,stats_standard_2023.csv;stats_standard_2025.csv
Victor Moses,28,stats_standard_2018.csv;stats_standard_2019.csv
Victor Wanyama,18,stats_standard_2018.csv;stats_standard_2019.csv;stats_standard_2020.csv
Vincent Janssen,3,stats_standard_2019.csv
Vincent Kompany,17,stats_standard_2018.csv;stats_standard_2019.csv
Vinicius Souza,36,stats_standard_2024.csv
Vitinha,19,stats_standard_2021.csv
Vitinho,32,stats_standard_2024.csv
Víctor Camarasa,32,stats_standard_2019.csv
Wayne Rooney,31,stats_standard_2018.csv
Wayne Routledge,15,stats_standard_2018.csv
Wes Morgan,32,stats_standard_2018.csv;stats_standard_2019.csv;stats_standard_2020.csv;stats_standard_2021.csv
Wesley Hoedt,28,stats_standard_2018.csv;stats_standard_2019.csv
Wesley Moraes,21,stats_standard_2020.csv;stats_standard_2021.csv
Weston McKennie,19,stats_standard_2023.csv
Wilfried Bony,15,stats_standard_2018.csv
Wilfried Gnonto,24,stats_standard_2023.csv
Wilfried Zaha,38,stats_standard_2018.csv;stats_standard_2019.csv;stats_standard_2020.csv;stats_standard_2021.csv;stats_standard_2022.csv;stats_standard_2023.csv
Will Lankshear,3,stats_standard_2025.csv
Will Norris,2,stats_standard_2021.csv
William Smallbone,18,stats_standard_2020.csv;stats_standard_2021.csv;stats_standard_2022.csv;stats_standard_2025.csv
William Troost-Ekong,17,stats_standard_2022.csv
Willian José,17,stats_standard_2021.csv
Willy Caballero,5,stats_standard_2018.csv;stats_standard_2019.csv;stats_standard_2020.csv;stats_standard_2022.csv
Willy Kambwala,8,stats_standard_2024.csv
Winston Reid,17,stats_standard_2018.csv
Wout Weghorst,20,stats_standard_2022.csv;stats_standard_2023.csv
Xherdan Shaqiri,36,stats_standard_2018.csv;stats_standard_2019.csv;stats_standard_2020.csv;stats_standard_2021.csv
Yan Valery,23,stats_standard_2019.csv;stats_standard_2020.csv;stats_standard_2021.csv;stats_standard_2022.csv
Yannick Bolasie,16,stats_standard_2018.csv
Yasser Larouci,11,stats_standard_2024.csv
Yaya Touré,10,stats_standard_2018.csv
Yehor Yarmoliuk,31,stats_standard_2024.csv;stats_standard_2025.csv
Yerry Mina,29,stats_standard_2019.csv;stats_standard_2020.csv;stats_standard_2021.csv;stats_standard_2022.csv;stats_standard_2023.csv
Yohan Cabaye,31,stats_standard_2018.csv
Yoshinori Mutō,17,stats_standard_2019.csv;stats_standard_2020.csv
Younès Kaboul,2,stats_standard_2018.csv
Yunus Emre Konak,10,stats_standard_2025.csv
Zack Nelson,2,stats_standard_2024.csv
Zeki Amdouni,34,stats_standard_2024.csv
Zlatan Ibrahimović,5,stats_standard_2018.csv
Àngel Rangel,4,stats_standard_2018.csv
Álvaro Fernández,12,stats_standard_2022.csv
Álvaro Morata,31,stats_standard_2018.csv;stats_standard_2019.csv
Çağlar Söyüncü,34,stats_standard_2019.csv;stats_standard_2020.csv;stats_standard_2021.csv;stats_standard_2022.csv;stats_standard_2023.csv
Érik Lamela,25,stats_standard_2018.csv;stats_standard_2019.csv;stats_standard_2020.csv;stats_standard_2021.csv
Étienne Capoue,33,stats_standard_2018.csv;stats_standard_2019.csv;stats_standard_2020.csv
Ørjan Nyland,7,stats_standard_2020.csv
Đorđe Petrović,23,stats_standard_2024.csv
Łukasz Fabiański,38,stats_standard_2018.csv;stats_standard_2019.csv;stats_standard_2020.csv;stats_standard_2021.csv;stats_standard_2022.csv;stats_standard_2023.csv;stats_standard_2024.csv;stats_standard_2025.csv
